2017-06-02T14:54:46.019Z,1.49641528601984E+018,1.1269,1.12693666666667,1.1269,1.12693666666667
2017-06-02T14:54:46.019Z,1.49641528601991E+018,1.1269,1.12693666666667,1.1269,1.12693666666667
2017-06-02T14:54:46.063Z,1.49641528606332E+018,1.1269,1.12693666666667,1.1269,1.12693666666667
2017-06-02T14:54:46.063Z,1.49641528606341E+018,1.1269,1.12693666666667,1.1269,1.12693666666667
2017-06-02T14:54:46.156Z,1.49641528615605E+018,1.1269,1.12693666666667,1.1269,1.12693666666667
2017-06-02T14:54:46.174Z,1.49641528617427E+018,1.1269,1.12693666666667,1.1269,1.12693666666667
2017-06-02T14:54:46.183Z,1.49641528618342E+018,1.1269,1.12693666666667,1.1269,1.12693666666667
2017-06-02T14:54:46.267Z,1.49641528626718E+018,1.1269,1.12693666666667,1.1269,1.12693666666667
2017-06-02T14:54:46.267Z,1.49641528626727E+018,1.1269,1.12693666666667,1.1269,1.12693666666667
2017-06-02T14:54:46.267Z,1.49641528626738E+018,1.1269,1.12693666666667,1.1269,1.12693666666667
2017-06-02T14:54:46.270Z,1.49641528627043E+018,1.1269,1.12693666666667,1.1269,1.12693666666667
2017-06-02T14:54:46.270Z,1.4964152862706E+018,1.1269,1.12693666666667,1.1269,1.12693666666667
2017-06-02T14:54:46.274Z,1.49641528627417E+018,1.12691,1.1269433333,1.12691,1.1269433333
2017-06-02T14:54:46.274Z,1.49641528627428E+018,1.1269,1.12693666666667,1.1269,1.12693666666667
2017-06-02T14:54:46.277Z,1.49641528627777E+018,1.1269,1.12693666666667,1.1269,1.12693666666667
2017-06-02T14:54:46.277Z,1.49641528627782E+018,1.1269,1.12693666666667,1.1269,1.12693666666667
2017-06-02T14:54:46.286Z,1.49641528628603E+018,1.1269,1.12693666666667,1.1269,1.12693666666667
2017-06-02T14:54:46.286Z,1.49641528628611E+018,1.1269,1.12693666666667,1.1269,1.12693666666667
2017-06-02T14:54:46.290Z,1.49641528629018E+018,1.1269,1.12693666666667,1.1269,1.12693666666667
2017-06-02T14:54:46.290Z,1.49641528629053E+018,1.1269,1.12693666666667,1.1269,1.12693666666667
2017-06-02T14:54:46.290Z,1.49641528629068E+018,1.1269,1.12693666666667,1.1269,1.12693666666667
2017-06-02T14:54:46.290Z,1.49641528629083E+018,1.12691,1.1269433333,1.12691,1.1269433333
2017-06-02T14:54:46.291Z,1.49641528629134E+018,1.12691,1.1269433333,1.12691,1.1269433333
2017-06-02T14:54:46.295Z,1.49641528629522E+018,1.12691,1.1269433333,1.12691,1.1269433333
2017-06-02T14:54:46.297Z,1.49641528629764E+018,1.12691,1.1269433333,1.12691,1.1269433333
2017-06-02T14:54:46.297Z,1.49641528629772E+018,1.12691,1.1269433333,1.12691,1.1269433333
2017-06-02T14:54:46.304Z,1.4964152863042E+018,1.12691,1.1269433333,1.12691,1.1269433333
2017-06-02T14:54:46.327Z,1.49641528632757E+018,1.12691,1.1269433333,1.12691,1.1269433333
2017-06-02T14:54:46.327Z,1.49641528632768E+018,1.12691,1.1269433333,1.12691,1.1269433333
2017-06-02T14:54:46.369Z,1.49641528636931E+018,1.12691,1.1269433333,1.12691,1.1269433333
2017-06-02T14:54:46.382Z,1.49641528638263E+018,1.12691,1.1269433333,1.12691,1.1269433333
2017-06-02T14:54:46.382Z,1.49641528638272E+018,1.12691,1.1269433333,1.12691,1.1269433333
2017-06-02T14:54:46.403Z,1.4964152864033E+018,1.12691,1.1269433333,1.12691,1.1269433333
2017-06-02T14:54:46.413Z,1.49641528641327E+018,1.12691,1.1269433333,1.12691,1.1269433333
2017-06-02T14:54:46.413Z,1.49641528641387E+018,1.12691,1.1269433333,1.12691,1.1269433333
2017-06-02T14:54:46.432Z,1.49641528643238E+018,1.12691,1.1269433333,1.12691,1.1269433333
2017-06-02T14:54:46.433Z,1.49641528643338E+018,1.12691,1.1269433333,1.12691,1.1269433333
2017-06-02T14:54:46.472Z,1.49641528647291E+018,1.12691,1.1269433333,1.12691,1.1269433333
2017-06-02T14:54:46.536Z,1.49641528653672E+018,1.12691,1.1269433333,1.12691,1.1269433333
2017-06-02T14:54:46.643Z,1.49641528664375E+018,1.12691,1.1269433333,1.12691,1.1269433333
2017-06-02T14:54:46.643Z,1.49641528664384E+018,1.12691,1.1269433333,1.12691,1.1269433333
2017-06-02T14:54:46.656Z,1.49641528665687E+018,1.12691,1.1269433333,1.12691,1.1269433333
2017-06-02T14:54:46.656Z,1.49641528665689E+018,1.12691,1.1269433333,1.12691,1.1269433333
2017-06-02T14:54:46.656Z,1.49641528665695E+018,1.12690666666667,1.1269433333,1.12690666666667,1.1269433333
2017-06-02T14:54:46.657Z,1.49641528665708E+018,1.12690666666667,1.1269433333,1.12690666666667,1.1269433333
2017-06-02T14:54:46.657Z,1.49641528665709E+018,1.12690666666667,1.1269433333,1.12690666666667,1.1269433333
2017-06-02T14:54:46.659Z,1.49641528665941E+018,1.12690666666667,1.1269433333,1.12690666666667,1.1269433333
2017-06-02T14:54:46.659Z,1.49641528665957E+018,1.12690666666667,1.1269433333,1.12690666666667,1.1269433333
2017-06-02T14:54:46.696Z,1.49641528669691E+018,1.12690666666667,1.1269433333,1.12690666666667,1.1269433333
2017-06-02T14:54:46.696Z,1.496415286697E+018,1.12690666666667,1.1269433333,1.12690666666667,1.1269433333
2017-06-02T14:54:46.757Z,1.49641528675712E+018,1.12690666666667,1.1269433333,1.12690666666667,1.1269433333
2017-06-02T14:54:46.944Z,1.49641528694403E+018,1.12690666666667,1.1269433333,1.12690666666667,1.1269433333
2017-06-02T14:54:46.944Z,1.49641528694407E+018,1.12690784583333,1.1269499999,1.12690784583333,1.1269499999
2017-06-02T14:54:46.944Z,1.49641528694408E+018,1.12690784583333,1.1269499999,1.12690784583333,1.1269499999
2017-06-02T14:54:46.944Z,1.49641528694413E+018,1.12690784583333,1.1269499999,1.12690784583333,1.1269499999
2017-06-02T14:54:46.944Z,1.49641528694419E+018,1.12690784583333,1.1269499999,1.12690784583333,1.1269499999
2017-06-02T14:54:46.944Z,1.49641528694421E+018,1.12690784583333,1.1269499999,1.12690784583333,1.1269499999
2017-06-02T14:54:46.944Z,1.49641528694422E+018,1.12690784583333,1.1269499999,1.12690784583333,1.1269499999
2017-06-02T14:54:46.944Z,1.49641528694423E+018,1.12690784583333,1.1269499999,1.12690784583333,1.1269499999
2017-06-02T14:54:46.944Z,1.49641528694428E+018,1.12690784583333,1.1269499999,1.12690784583333,1.1269499999
2017-06-02T14:54:46.944Z,1.49641528694435E+018,1.12690784583333,1.1269499999,1.12690784583333,1.1269499999
2017-06-02T14:54:46.944Z,1.49641528694441E+018,1.12690784583333,1.1269499999,1.12690784583333,1.1269499999
2017-06-02T14:54:46.944Z,1.49641528694445E+018,1.12690784583333,1.1269499999,1.12690784583333,1.1269499999
2017-06-02T14:54:46.944Z,1.49641528694446E+018,1.12690784583333,1.1269499999,1.12690784583333,1.1269499999
2017-06-02T14:54:46.944Z,1.49641528694447E+018,1.12690784583333,1.1269499999,1.12690784583333,1.1269499999
2017-06-02T14:54:46.944Z,1.49641528694457E+018,1.12690784583333,1.1269499999,1.12690784583333,1.1269499999
2017-06-02T14:54:46.944Z,1.49641528694493E+018,1.12690784583333,1.1269499999,1.12690784583333,1.1269499999
2017-06-02T14:54:46.944Z,1.49641528694495E+018,1.1269125625,1.1269499999,1.1269125625,1.1269499999
2017-06-02T14:54:46.945Z,1.49641528694501E+018,1.1269125625,1.1269499999,1.1269125625,1.1269499999
2017-06-02T14:54:46.945Z,1.49641528694507E+018,1.12691422916667,1.1269499999,1.12691422916667,1.1269499999
2017-06-02T14:54:46.945Z,1.4964152869452E+018,1.12691422916667,1.1269499999,1.12691422916667,1.1269499999
2017-06-02T14:54:46.945Z,1.49641528694522E+018,1.12691797916667,1.1269499999,1.12691797916667,1.1269499999
2017-06-02T14:54:46.945Z,1.49641528694528E+018,1.12691797916667,1.1269499999,1.12691797916667,1.1269499999
2017-06-02T14:54:46.945Z,1.49641528694534E+018,1.12691797916667,1.1269499999,1.12691797916667,1.1269499999
2017-06-02T14:54:46.945Z,1.49641528694535E+018,1.12691797916667,1.1269499999,1.12691797916667,1.1269499999
2017-06-02T14:54:46.945Z,1.49641528694543E+018,1.12691797916667,1.1269499999,1.12691797916667,1.1269499999
2017-06-02T14:54:46.945Z,1.4964152869455E+018,1.12691797916667,1.1269499999,1.12691797916667,1.1269499999
2017-06-02T14:54:46.945Z,1.49641528694557E+018,1.12691797916667,1.1269499999,1.12691797916667,1.1269499999
2017-06-02T14:54:46.945Z,1.4964152869457E+018,1.12691797916667,1.1269499999,1.12691797916667,1.1269499999
2017-06-02T14:54:46.945Z,1.49641528694575E+018,1.12691797916667,1.1269499999,1.12691797916667,1.1269499999
2017-06-02T14:54:46.945Z,1.49641528694581E+018,1.12691797916667,1.1269499999,1.12691797916667,1.1269499999
2017-06-02T14:54:46.945Z,1.49641528694588E+018,1.12691797916667,1.1269499999,1.12691797916667,1.1269499999
2017-06-02T14:54:46.945Z,1.49641528694592E+018,1.12691797916667,1.1269499999,1.12691797916667,1.1269499999
2017-06-02T14:54:46.945Z,1.49641528694598E+018,1.12691797916667,1.1269499999,1.12691797916667,1.1269499999
2017-06-02T14:54:46.946Z,1.49641528694608E+018,1.12691797916667,1.1269499999,1.12691797916667,1.1269499999
2017-06-02T14:54:46.946Z,1.49641528694618E+018,1.12691797916667,1.1269499999,1.12691797916667,1.1269499999
2017-06-02T14:54:46.946Z,1.49641528694621E+018,1.12691797916667,1.1269499999,1.12691797916667,1.1269499999
2017-06-02T14:54:46.946Z,1.49641528694627E+018,1.12691797916667,1.1269499999,1.12691797916667,1.1269499999
2017-06-02T14:54:46.946Z,1.49641528694648E+018,1.12691797916667,1.1269499999,1.12691797916667,1.1269499999
2017-06-02T14:54:46.946Z,1.49641528694652E+018,1.12691797916667,1.1269499999,1.12691797916667,1.1269499999
2017-06-02T14:54:46.946Z,1.49641528694686E+018,1.12691797916667,1.1269499999,1.12691797916667,1.1269499999
2017-06-02T14:54:46.948Z,1.49641528694869E+018,1.12691797916667,1.1269499999,1.12691797916667,1.1269499999
2017-06-02T14:54:46.949Z,1.49641528694923E+018,1.12691797916667,1.1269499999,1.12691797916667,1.1269499999
2017-06-02T14:54:46.949Z,1.49641528694934E+018,1.12691797916667,1.1269499999,1.12691797916667,1.1269499999
2017-06-02T14:54:46.950Z,1.49641528695008E+018,1.12691797916667,1.1269499999,1.12691797916667,1.1269499999
2017-06-02T14:54:46.950Z,1.49641528695018E+018,1.12691797916667,1.1269499999,1.12691797916667,1.1269499999
2017-06-02T14:54:46.950Z,1.49641528695054E+018,1.12691797916667,1.1269499999,1.12691797916667,1.1269499999
2017-06-02T14:54:46.950Z,1.49641528695063E+018,1.12691797916667,1.1269499999,1.12691797916667,1.1269499999
2017-06-02T14:54:46.951Z,1.49641528695195E+018,1.12691874166667,1.1269499999,1.12691874166667,1.1269499999
2017-06-02T14:54:46.951Z,1.49641528695198E+018,1.12691874166667,1.1269499999,1.12691874166667,1.1269499999
2017-06-02T14:54:46.952Z,1.49641528695213E+018,1.12691874166667,1.1269499999,1.12691874166667,1.1269499999
2017-06-02T14:54:46.952Z,1.49641528695219E+018,1.12691874166667,1.1269499999,1.12691874166667,1.1269499999
2017-06-02T14:54:46.952Z,1.49641528695222E+018,1.12691874166667,1.1269499999,1.12691874166667,1.1269499999
2017-06-02T14:54:46.952Z,1.49641528695225E+018,1.12691874166667,1.1269499999,1.12691874166667,1.1269499999
2017-06-02T14:54:46.952Z,1.49641528695227E+018,1.12691874166667,1.1269499999,1.12691874166667,1.1269499999
2017-06-02T14:54:46.952Z,1.49641528695236E+018,1.12691874166667,1.1269499999,1.12691874166667,1.1269499999
2017-06-02T14:54:46.952Z,1.49641528695241E+018,1.12691874166667,1.1269499999,1.12691874166667,1.1269499999
2017-06-02T14:54:46.952Z,1.49641528695291E+018,1.12691797916667,1.1269499999,1.12691797916667,1.1269499999
2017-06-02T14:54:46.953Z,1.49641528695304E+018,1.12691797916667,1.1269499999,1.12691797916667,1.1269499999
2017-06-02T14:54:46.953Z,1.49641528695322E+018,1.12691797916667,1.1269499999,1.12691797916667,1.1269499999
2017-06-02T14:54:46.953Z,1.49641528695333E+018,1.12691797916667,1.1269499999,1.12691797916667,1.1269499999
2017-06-02T14:54:46.954Z,1.496415286954E+018,1.12691797916667,1.1269499999,1.12691797916667,1.1269499999
2017-06-02T14:54:46.954Z,1.49641528695412E+018,1.12691797916667,1.1269499999,1.12691797916667,1.1269499999
2017-06-02T14:54:46.955Z,1.49641528695523E+018,1.12691797916667,1.1269499999,1.12691797916667,1.1269499999
2017-06-02T14:54:46.955Z,1.49641528695589E+018,1.12691797916667,1.1269499999,1.12691797916667,1.1269499999
2017-06-02T14:54:46.957Z,1.49641528695768E+018,1.12691797916667,1.1269499999,1.12691797916667,1.1269499999
2017-06-02T14:54:46.958Z,1.49641528695863E+018,1.12691797916667,1.1269499999,1.12691797916667,1.1269499999
2017-06-02T14:54:46.962Z,1.49641528696278E+018,1.12691797916667,1.1269499999,1.12691797916667,1.1269499999
2017-06-02T14:54:46.963Z,1.49641528696303E+018,1.12691797916667,1.1269499999,1.12691797916667,1.1269499999
2017-06-02T14:54:46.963Z,1.49641528696371E+018,1.12691874166667,1.1269499999,1.12691874166667,1.1269499999
2017-06-02T14:54:46.963Z,1.49641528696385E+018,1.12692026666667,1.1269499999,1.12692026666667,1.1269499999
2017-06-02T14:54:46.963Z,1.49641528696395E+018,1.12692026666667,1.1269499999,1.12692026666667,1.1269499999
2017-06-02T14:54:46.964Z,1.49641528696403E+018,1.12692026666667,1.1269499999,1.12692026666667,1.1269499999
2017-06-02T14:54:46.964Z,1.49641528696419E+018,1.12692026666667,1.1269499999,1.12692026666667,1.1269499999
2017-06-02T14:54:46.964Z,1.49641528696439E+018,1.12692026666667,1.1269499999,1.12692026666667,1.1269499999
2017-06-02T14:54:46.966Z,1.49641528696603E+018,1.12692026666667,1.1269499999,1.12692026666667,1.1269499999
2017-06-02T14:54:46.966Z,1.49641528696666E+018,1.12692026666667,1.1269499999,1.12692026666667,1.1269499999
2017-06-02T14:54:46.966Z,1.49641528696695E+018,1.12692026666667,1.1269499999,1.12692026666667,1.1269499999
2017-06-02T14:54:46.967Z,1.49641528696714E+018,1.12692026666667,1.1269499999,1.12692026666667,1.1269499999
2017-06-02T14:54:46.967Z,1.4964152869672E+018,1.12692026666667,1.1269499999,1.12692026666667,1.1269499999
2017-06-02T14:54:46.968Z,1.49641528696863E+018,1.12692026666667,1.1269499999,1.12692026666667,1.1269499999
2017-06-02T14:54:46.969Z,1.49641528696959E+018,1.12692026666667,1.1269499999,1.12692026666667,1.1269499999
2017-06-02T14:54:46.970Z,1.49641528697025E+018,1.12692026666667,1.1269499999,1.12692026666667,1.1269499999
2017-06-02T14:54:46.971Z,1.49641528697121E+018,1.12692026666667,1.1269499999,1.12692026666667,1.1269499999
2017-06-02T14:54:46.972Z,1.49641528697232E+018,1.12692026666667,1.1269499999,1.12692026666667,1.1269499999
2017-06-02T14:54:46.972Z,1.49641528697264E+018,1.12692026666667,1.1269499999,1.12692026666667,1.1269499999
2017-06-02T14:54:46.974Z,1.49641528697469E+018,1.12692026666667,1.1269499999,1.12692026666667,1.1269499999
2017-06-02T14:54:46.975Z,1.4964152869752E+018,1.12692026666667,1.1269499999,1.12692026666667,1.1269499999
2017-06-02T14:54:46.975Z,1.49641528697521E+018,1.12692026666667,1.1269499999,1.12692026666667,1.1269499999
2017-06-02T14:54:46.975Z,1.49641528697531E+018,1.12692026666667,1.1269499999,1.12692026666667,1.1269499999
2017-06-02T14:54:46.975Z,1.49641528697553E+018,1.12692026666667,1.1269499999,1.12692026666667,1.1269499999
2017-06-02T14:54:46.980Z,1.49641528698032E+018,1.12692026666667,1.1269499999,1.12692026666667,1.1269499999
2017-06-02T14:54:46.984Z,1.49641528698455E+018,1.12692026666667,1.1269499999,1.12692026666667,1.1269499999
2017-06-02T14:54:46.984Z,1.49641528698483E+018,1.12692026666667,1.1269499999,1.12692026666667,1.1269499999
2017-06-02T14:54:46.985Z,1.49641528698511E+018,1.12692026666667,1.1269499999,1.12692026666667,1.1269499999
2017-06-02T14:54:46.989Z,1.49641528698931E+018,1.12692026666667,1.1269499999,1.12692026666667,1.1269499999
2017-06-02T14:54:46.989Z,1.49641528698973E+018,1.12692026666667,1.1269499999,1.12692026666667,1.1269499999
2017-06-02T14:54:46.992Z,1.49641528699203E+018,1.12692026666667,1.1269499999,1.12692026666667,1.1269499999
2017-06-02T14:54:46.992Z,1.4964152869923E+018,1.12692026666667,1.1269499999,1.12692026666667,1.1269499999
2017-06-02T14:54:46.998Z,1.49641528699853E+018,1.12692026666667,1.1269499999,1.12692026666667,1.1269499999
2017-06-02T14:54:47.004Z,1.49641528700406E+018,1.12692026666667,1.1269499999,1.12692026666667,1.1269499999
2017-06-02T14:54:47.004Z,1.49641528700418E+018,1.12692026666667,1.1269499999,1.12692026666667,1.1269499999
2017-06-02T14:54:47.004Z,1.49641528700425E+018,1.12692026666667,1.1269499999,1.12692026666667,1.1269499999
2017-06-02T14:54:47.004Z,1.49641528700425E+018,1.12692026666667,1.1269499999,1.12692026666667,1.1269499999
2017-06-02T14:54:47.004Z,1.49641528700436E+018,1.12692026666667,1.1269499999,1.12692026666667,1.1269499999
2017-06-02T14:54:47.004Z,1.49641528700444E+018,1.12692026666667,1.1269499999,1.12692026666667,1.1269499999
2017-06-02T14:54:47.004Z,1.4964152870046E+018,1.12692026666667,1.1269499999,1.12692026666667,1.1269499999
2017-06-02T14:54:47.004Z,1.49641528700483E+018,1.12692026666667,1.1269499999,1.12692026666667,1.1269499999
2017-06-02T14:54:47.004Z,1.49641528700493E+018,1.12692026666667,1.1269499999,1.12692026666667,1.1269499999
2017-06-02T14:54:47.005Z,1.49641528700517E+018,1.12692026666667,1.1269499999,1.12692026666667,1.1269499999
2017-06-02T14:54:47.005Z,1.49641528700519E+018,1.1269261,1.12696,1.1269261,1.12696
2017-06-02T14:54:47.005Z,1.49641528700519E+018,1.1269261,1.12696,1.1269261,1.12696
2017-06-02T14:54:47.005Z,1.49641528700525E+018,1.1269261,1.12696,1.1269261,1.12696
2017-06-02T14:54:47.005Z,1.4964152870053E+018,1.1269261,1.12696,1.1269261,1.12696
2017-06-02T14:54:47.005Z,1.49641528700535E+018,1.1269261,1.12696,1.1269261,1.12696
2017-06-02T14:54:47.005Z,1.49641528700541E+018,1.1269261,1.12696,1.1269261,1.12696
2017-06-02T14:54:47.005Z,1.49641528700547E+018,1.1269261,1.12696,1.1269261,1.12696
2017-06-02T14:54:47.005Z,1.49641528700587E+018,1.1269261,1.12696,1.1269261,1.12696
2017-06-02T14:54:47.005Z,1.49641528700592E+018,1.1269261,1.12696,1.1269261,1.12696
2017-06-02T14:54:47.006Z,1.49641528700606E+018,1.1269261,1.12696,1.1269261,1.12696
2017-06-02T14:54:47.006Z,1.49641528700624E+018,1.1269261,1.12696,1.1269261,1.12696
2017-06-02T14:54:47.006Z,1.49641528700653E+018,1.1269261,1.12696,1.1269261,1.12696
2017-06-02T14:54:47.006Z,1.4964152870066E+018,1.1269261,1.12696,1.1269261,1.12696
2017-06-02T14:54:47.006Z,1.49641528700671E+018,1.1269261,1.12696,1.1269261,1.12696
2017-06-02T14:54:47.006Z,1.49641528700672E+018,1.1269261,1.12696,1.1269261,1.12696
2017-06-02T14:54:47.006Z,1.49641528700673E+018,1.1269261,1.12696,1.1269261,1.12696
2017-06-02T14:54:47.006Z,1.49641528700681E+018,1.1269261,1.12696,1.1269261,1.12696
2017-06-02T14:54:47.006Z,1.49641528700689E+018,1.1269261,1.12696,1.1269261,1.12696
2017-06-02T14:54:47.006Z,1.49641528700696E+018,1.1269261,1.12696,1.1269261,1.12696
2017-06-02T14:54:47.007Z,1.49641528700708E+018,1.1269261,1.12696,1.1269261,1.12696
2017-06-02T14:54:47.007Z,1.49641528700712E+018,1.1269261,1.12696,1.1269261,1.12696
2017-06-02T14:54:47.007Z,1.49641528700712E+018,1.1269261,1.12696,1.1269261,1.12696
2017-06-02T14:54:47.007Z,1.4964152870072E+018,1.1269261,1.12696,1.1269261,1.12696
2017-06-02T14:54:47.007Z,1.4964152870072E+018,1.1269261,1.12696,1.1269261,1.12696
2017-06-02T14:54:47.007Z,1.49641528700733E+018,1.1269261,1.12696,1.1269261,1.12696
2017-06-02T14:54:47.007Z,1.49641528700733E+018,1.1269261,1.12696,1.1269261,1.12696
2017-06-02T14:54:47.007Z,1.49641528700737E+018,1.1269261,1.12696,1.1269261,1.12696
2017-06-02T14:54:47.007Z,1.4964152870074E+018,1.1269261,1.12696,1.1269261,1.12696
2017-06-02T14:54:47.007Z,1.49641528700743E+018,1.1269261,1.12696,1.1269261,1.12696
2017-06-02T14:54:47.007Z,1.49641528700761E+018,1.1269261,1.12696,1.1269261,1.12696
2017-06-02T14:54:47.010Z,1.49641528701056E+018,1.1269261,1.12696,1.1269261,1.12696
2017-06-02T14:54:47.010Z,1.49641528701065E+018,1.1269261,1.12696,1.1269261,1.12696
2017-06-02T14:54:47.011Z,1.4964152870115E+018,1.1269261,1.12696,1.1269261,1.12696
2017-06-02T14:54:47.011Z,1.49641528701155E+018,1.1269261,1.12696,1.1269261,1.12696
2017-06-02T14:54:47.012Z,1.4964152870127E+018,1.1269261,1.12696,1.1269261,1.12696
2017-06-02T14:54:47.012Z,1.49641528701272E+018,1.1269261,1.12696,1.1269261,1.12696
2017-06-02T14:54:47.014Z,1.49641528701444E+018,1.1269261,1.12696,1.1269261,1.12696
2017-06-02T14:54:47.014Z,1.4964152870148E+018,1.1269261,1.12696,1.1269261,1.12696
2017-06-02T14:54:47.016Z,1.49641528701651E+018,1.1269261,1.12696,1.1269261,1.12696
2017-06-02T14:54:47.016Z,1.4964152870166E+018,1.1269261,1.12696,1.1269261,1.12696
2017-06-02T14:54:47.018Z,1.49641528701837E+018,1.1269261,1.12696,1.1269261,1.12696
2017-06-02T14:54:47.020Z,1.49641528702052E+018,1.1269261,1.12696,1.1269261,1.12696
2017-06-02T14:54:47.020Z,1.49641528702055E+018,1.1269261,1.12696,1.1269261,1.12696
2017-06-02T14:54:47.020Z,1.49641528702057E+018,1.1269261,1.12696,1.1269261,1.12696
2017-06-02T14:54:47.020Z,1.4964152870206E+018,1.1269261,1.12696,1.1269261,1.12696
2017-06-02T14:54:47.020Z,1.4964152870206E+018,1.1269261,1.12696,1.1269261,1.12696
2017-06-02T14:54:47.020Z,1.49641528702061E+018,1.12692644583333,1.12696,1.12692644583333,1.12696
2017-06-02T14:54:47.020Z,1.49641528702064E+018,1.12692644583333,1.12696,1.12692644583333,1.12696
2017-06-02T14:54:47.020Z,1.49641528702065E+018,1.1269271375,1.12696,1.1269271375,1.12696
2017-06-02T14:54:47.020Z,1.49641528702075E+018,1.1269271375,1.12696,1.1269271375,1.12696
2017-06-02T14:54:47.020Z,1.49641528702081E+018,1.1269271375,1.12696,1.1269271375,1.12696
2017-06-02T14:54:47.020Z,1.49641528702084E+018,1.1269271375,1.12696,1.1269271375,1.12696
2017-06-02T14:54:47.020Z,1.49641528702086E+018,1.12692852083333,1.12696,1.12692852083333,1.12696
2017-06-02T14:54:47.020Z,1.49641528702088E+018,1.12692852083333,1.12696,1.12692852083333,1.12696
2017-06-02T14:54:47.021Z,1.49641528702101E+018,1.12692852083333,1.12696,1.12692852083333,1.12696
2017-06-02T14:54:47.021Z,1.49641528702102E+018,1.12692886666667,1.12696,1.12692886666667,1.12696
2017-06-02T14:54:47.021Z,1.49641528702109E+018,1.12692886666667,1.12696,1.12692886666667,1.12696
2017-06-02T14:54:47.021Z,1.49641528702125E+018,1.12692886666667,1.12696,1.12692886666667,1.12696
2017-06-02T14:54:47.021Z,1.49641528702127E+018,1.12692886666667,1.12696,1.12692886666667,1.12696
2017-06-02T14:54:47.021Z,1.4964152870213E+018,1.12692886666667,1.12696,1.12692886666667,1.12696
2017-06-02T14:54:47.021Z,1.49641528702131E+018,1.12692886666667,1.12696,1.12692886666667,1.12696
2017-06-02T14:54:47.021Z,1.49641528702132E+018,1.12692886666667,1.12696,1.12692886666667,1.12696
2017-06-02T14:54:47.021Z,1.49641528702139E+018,1.12692886666667,1.12696,1.12692886666667,1.12696
2017-06-02T14:54:47.021Z,1.49641528702147E+018,1.12692886666667,1.12696,1.12692886666667,1.12696
2017-06-02T14:54:47.021Z,1.4964152870215E+018,1.12692886666667,1.12696,1.12692886666667,1.12696
2017-06-02T14:54:47.021Z,1.49641528702151E+018,1.12692886666667,1.12696,1.12692886666667,1.12696
2017-06-02T14:54:47.021Z,1.49641528702152E+018,1.12692886666667,1.12696,1.12692886666667,1.12696
2017-06-02T14:54:47.021Z,1.49641528702155E+018,1.12692886666667,1.12696,1.12692886666667,1.12696
2017-06-02T14:54:47.021Z,1.49641528702158E+018,1.12692886666667,1.12696,1.12692886666667,1.12696
2017-06-02T14:54:47.021Z,1.49641528702161E+018,1.12692886666667,1.12696,1.12692886666667,1.12696
2017-06-02T14:54:47.021Z,1.49641528702162E+018,1.12692886666667,1.12696,1.12692886666667,1.12696
2017-06-02T14:54:47.021Z,1.49641528702165E+018,1.12692886666667,1.12696,1.12692886666667,1.12696
2017-06-02T14:54:47.021Z,1.49641528702167E+018,1.12692886666667,1.12696,1.12692886666667,1.12696
2017-06-02T14:54:47.021Z,1.49641528702176E+018,1.12692886666667,1.12696,1.12692886666667,1.12696
2017-06-02T14:54:47.021Z,1.49641528702179E+018,1.12692886666667,1.12696,1.12692886666667,1.12696
2017-06-02T14:54:47.021Z,1.49641528702186E+018,1.12692886666667,1.12696,1.12692886666667,1.12696
2017-06-02T14:54:47.021Z,1.4964152870219E+018,1.12692886666667,1.12696,1.12692886666667,1.12696
2017-06-02T14:54:47.022Z,1.49641528702277E+018,1.12692886666667,1.12696,1.12692886666667,1.12696
2017-06-02T14:54:47.022Z,1.49641528702288E+018,1.12692886666667,1.12696,1.12692886666667,1.12696
2017-06-02T14:54:47.024Z,1.49641528702474E+018,1.12692886666667,1.12696,1.12692886666667,1.12696
2017-06-02T14:54:47.024Z,1.49641528702483E+018,1.12692886666667,1.12696,1.12692886666667,1.12696
2017-06-02T14:54:47.025Z,1.4964152870256E+018,1.12692886666667,1.12696,1.12692886666667,1.12696
2017-06-02T14:54:47.029Z,1.49641528702926E+018,1.12692886666667,1.12696,1.12692886666667,1.12696
2017-06-02T14:54:47.030Z,1.49641528703023E+018,1.12692886666667,1.12696,1.12692886666667,1.12696
2017-06-02T14:54:47.030Z,1.49641528703029E+018,1.12692886666667,1.12696,1.12692886666667,1.12696
2017-06-02T14:54:47.030Z,1.49641528703031E+018,1.12692886666667,1.12696,1.12692886666667,1.12696
2017-06-02T14:54:47.030Z,1.49641528703036E+018,1.12692886666667,1.12696,1.12692886666667,1.12696
2017-06-02T14:54:47.030Z,1.49641528703053E+018,1.12692886666667,1.12696,1.12692886666667,1.12696
2017-06-02T14:54:47.030Z,1.49641528703054E+018,1.12692886666667,1.12696,1.12692886666667,1.12696
2017-06-02T14:54:47.030Z,1.49641528703071E+018,1.12692886666667,1.12696,1.12692886666667,1.12696
2017-06-02T14:54:47.030Z,1.49641528703079E+018,1.12692886666667,1.12696,1.12692886666667,1.12696
2017-06-02T14:54:47.030Z,1.49641528703084E+018,1.12692886666667,1.12696,1.12692886666667,1.12696
2017-06-02T14:54:47.030Z,1.496415287031E+018,1.12692886666667,1.12696,1.12692886666667,1.12696
2017-06-02T14:54:47.031Z,1.49641528703108E+018,1.12692886666667,1.12696,1.12692886666667,1.12696
2017-06-02T14:54:47.031Z,1.49641528703114E+018,1.12692886666667,1.12696,1.12692886666667,1.12696
2017-06-02T14:54:47.031Z,1.49641528703115E+018,1.12692886666667,1.12696,1.12692886666667,1.12696
2017-06-02T14:54:47.031Z,1.49641528703123E+018,1.12692886666667,1.12696,1.12692886666667,1.12696
2017-06-02T14:54:47.031Z,1.49641528703129E+018,1.12692886666667,1.12696,1.12692886666667,1.12696
2017-06-02T14:54:47.031Z,1.49641528703131E+018,1.12692886666667,1.12696,1.12692886666667,1.12696
2017-06-02T14:54:47.031Z,1.49641528703138E+018,1.12692886666667,1.12696,1.12692886666667,1.12696
2017-06-02T14:54:47.031Z,1.49641528703139E+018,1.12692886666667,1.12696,1.12692886666667,1.12696
2017-06-02T14:54:47.031Z,1.49641528703146E+018,1.12692886666667,1.12696,1.12692886666667,1.12696
2017-06-02T14:54:47.031Z,1.4964152870317E+018,1.12692886666667,1.12696,1.12692886666667,1.12696
2017-06-02T14:54:47.031Z,1.49641528703177E+018,1.12692886666667,1.12696,1.12692886666667,1.12696
2017-06-02T14:54:47.031Z,1.4964152870318E+018,1.12692886666667,1.12696,1.12692886666667,1.12696
2017-06-02T14:54:47.031Z,1.49641528703189E+018,1.12692886666667,1.12696,1.12692886666667,1.12696
2017-06-02T14:54:47.031Z,1.49641528703195E+018,1.12692886666667,1.12696,1.12692886666667,1.12696
2017-06-02T14:54:47.032Z,1.496415287032E+018,1.12692886666667,1.12696,1.12692886666667,1.12696
2017-06-02T14:54:47.032Z,1.49641528703227E+018,1.12692886666667,1.12696,1.12692886666667,1.12696
2017-06-02T14:54:47.032Z,1.49641528703264E+018,1.12692886666667,1.12696,1.12692886666667,1.12696
2017-06-02T14:54:47.032Z,1.49641528703266E+018,1.12692886666667,1.12696,1.12692886666667,1.12696
2017-06-02T14:54:47.032Z,1.49641528703271E+018,1.12692886666667,1.12696,1.12692886666667,1.12696
2017-06-02T14:54:47.032Z,1.49641528703279E+018,1.12692886666667,1.12696,1.12692886666667,1.12696
2017-06-02T14:54:47.032Z,1.4964152870328E+018,1.12692886666667,1.12696,1.12692886666667,1.12696
2017-06-02T14:54:47.032Z,1.49641528703287E+018,1.12692886666667,1.12696,1.12692886666667,1.12696
2017-06-02T14:54:47.033Z,1.49641528703308E+018,1.12692886666667,1.12696,1.12692886666667,1.12696
2017-06-02T14:54:47.033Z,1.49641528703319E+018,1.12692886666667,1.12696,1.12692886666667,1.12696
2017-06-02T14:54:47.034Z,1.4964152870341E+018,1.12692886666667,1.12696,1.12692886666667,1.12696
2017-06-02T14:54:47.036Z,1.4964152870366E+018,1.12692886666667,1.12696,1.12692886666667,1.12696
2017-06-02T14:54:47.036Z,1.49641528703691E+018,1.12692886666667,1.12696,1.12692886666667,1.12696
2017-06-02T14:54:47.037Z,1.49641528703716E+018,1.12692886666667,1.12696,1.12692886666667,1.12696
2017-06-02T14:54:47.037Z,1.49641528703797E+018,1.12692886666667,1.12696,1.12692886666667,1.12696
2017-06-02T14:54:47.038Z,1.49641528703846E+018,1.12692886666667,1.12696,1.12692886666667,1.12696
2017-06-02T14:54:47.038Z,1.49641528703862E+018,1.12692886666667,1.12696,1.12692886666667,1.12696
2017-06-02T14:54:47.038Z,1.49641528703864E+018,1.12692886666667,1.12696,1.12692886666667,1.12696
2017-06-02T14:54:47.038Z,1.49641528703891E+018,1.12692886666667,1.12696,1.12692886666667,1.12696
2017-06-02T14:54:47.040Z,1.49641528704035E+018,1.12692886666667,1.12696,1.12692886666667,1.12696
2017-06-02T14:54:47.040Z,1.49641528704055E+018,1.12692760833333,1.12695833331667,1.12692760833333,1.12695833331667
2017-06-02T14:54:47.041Z,1.49641528704125E+018,1.12692760833333,1.12695833331667,1.12692760833333,1.12695833331667
2017-06-02T14:54:47.041Z,1.49641528704177E+018,1.12692760833333,1.12695833331667,1.12692760833333,1.12695833331667
2017-06-02T14:54:47.042Z,1.4964152870421E+018,1.12692760833333,1.12695833331667,1.12692760833333,1.12695833331667
2017-06-02T14:54:47.042Z,1.49641528704224E+018,1.12692760833333,1.12695833331667,1.12692760833333,1.12695833331667
2017-06-02T14:54:47.042Z,1.49641528704241E+018,1.12692760833333,1.12695833331667,1.12692760833333,1.12695833331667
2017-06-02T14:54:47.042Z,1.49641528704251E+018,1.12692760833333,1.12695833331667,1.12692760833333,1.12695833331667
2017-06-02T14:54:47.042Z,1.49641528704253E+018,1.12692760833333,1.12695833331667,1.12692760833333,1.12695833331667
2017-06-02T14:54:47.042Z,1.49641528704258E+018,1.12692760833333,1.12695833331667,1.12692760833333,1.12695833331667
2017-06-02T14:54:47.042Z,1.49641528704261E+018,1.12692760833333,1.12695833331667,1.12692760833333,1.12695833331667
2017-06-02T14:54:47.042Z,1.49641528704265E+018,1.12692760833333,1.12695833331667,1.12692760833333,1.12695833331667
2017-06-02T14:54:47.042Z,1.49641528704279E+018,1.12692760833333,1.12695833331667,1.12692760833333,1.12695833331667
2017-06-02T14:54:47.042Z,1.49641528704279E+018,1.12692760833333,1.12695833331667,1.12692760833333,1.12695833331667
2017-06-02T14:54:47.042Z,1.49641528704286E+018,1.12692760833333,1.12695833331667,1.12692760833333,1.12695833331667
2017-06-02T14:54:47.042Z,1.49641528704289E+018,1.12692760833333,1.12695833331667,1.12692760833333,1.12695833331667
2017-06-02T14:54:47.042Z,1.49641528704291E+018,1.12692760833333,1.12695833331667,1.12692760833333,1.12695833331667
2017-06-02T14:54:47.042Z,1.49641528704297E+018,1.12692760833333,1.12695833331667,1.12692760833333,1.12695833331667
2017-06-02T14:54:47.042Z,1.49641528704298E+018,1.12692760833333,1.12695833331667,1.12692760833333,1.12695833331667
2017-06-02T14:54:47.043Z,1.49641528704304E+018,1.12692795416667,1.12695833331667,1.12692795416667,1.12695833331667
2017-06-02T14:54:47.043Z,1.49641528704312E+018,1.12692795416667,1.12695833331667,1.12692795416667,1.12695833331667
2017-06-02T14:54:47.043Z,1.49641528704319E+018,1.12692795416667,1.12695833331667,1.12692795416667,1.12695833331667
2017-06-02T14:54:47.043Z,1.49641528704321E+018,1.1269283,1.12695833331667,1.1269283,1.12695833331667
2017-06-02T14:54:47.043Z,1.49641528704322E+018,1.1269283,1.12695833331667,1.1269283,1.12695833331667
2017-06-02T14:54:47.043Z,1.49641528704326E+018,1.1269283,1.12695833331667,1.1269283,1.12695833331667
2017-06-02T14:54:47.043Z,1.49641528704332E+018,1.1269283,1.12695833331667,1.1269283,1.12695833331667
2017-06-02T14:54:47.043Z,1.49641528704365E+018,1.12692886666667,1.12696,1.12692886666667,1.12696
2017-06-02T14:54:47.044Z,1.49641528704463E+018,1.12692886666667,1.12696,1.12692886666667,1.12696
2017-06-02T14:54:47.044Z,1.4964152870449E+018,1.12692886666667,1.12696,1.12692886666667,1.12696
2017-06-02T14:54:47.044Z,1.49641528704495E+018,1.12692886666667,1.12696,1.12692886666667,1.12696
2017-06-02T14:54:47.045Z,1.49641528704568E+018,1.12692886666667,1.12696,1.12692886666667,1.12696
2017-06-02T14:54:47.045Z,1.49641528704579E+018,1.12692886666667,1.12696,1.12692886666667,1.12696
2017-06-02T14:54:47.045Z,1.49641528704589E+018,1.12692886666667,1.12696,1.12692886666667,1.12696
2017-06-02T14:54:47.045Z,1.49641528704589E+018,1.12692886666667,1.12696,1.12692886666667,1.12696
2017-06-02T14:54:47.046Z,1.4964152870464E+018,1.12692886666667,1.12696,1.12692886666667,1.12696
2017-06-02T14:54:47.046Z,1.49641528704686E+018,1.12692943333333,1.12696,1.12692943333333,1.12696
2017-06-02T14:54:47.047Z,1.49641528704709E+018,1.12693,1.12696,1.12693,1.12696
2017-06-02T14:54:47.047Z,1.49641528704714E+018,1.12693,1.12696,1.12693,1.12696
2017-06-02T14:54:47.047Z,1.49641528704778E+018,1.12693,1.12696,1.12693,1.12696
2017-06-02T14:54:47.048Z,1.49641528704832E+018,1.12693,1.12696,1.12693,1.12696
2017-06-02T14:54:47.048Z,1.49641528704839E+018,1.12693,1.12696,1.12693,1.12696
2017-06-02T14:54:47.048Z,1.49641528704846E+018,1.12693,1.12696,1.12693,1.12696
2017-06-02T14:54:47.048Z,1.49641528704866E+018,1.12693,1.12696,1.12693,1.12696
2017-06-02T14:54:47.048Z,1.49641528704872E+018,1.12693,1.12696,1.12693,1.12696
2017-06-02T14:54:47.048Z,1.49641528704872E+018,1.12693,1.12696,1.12693,1.12696
2017-06-02T14:54:47.049Z,1.49641528704911E+018,1.12693,1.12696,1.12693,1.12696
2017-06-02T14:54:47.049Z,1.49641528704917E+018,1.12693,1.12696,1.12693,1.12696
2017-06-02T14:54:47.049Z,1.49641528704943E+018,1.12693,1.12696,1.12693,1.12696
2017-06-02T14:54:47.049Z,1.49641528704976E+018,1.12693,1.12696,1.12693,1.12696
2017-06-02T14:54:47.049Z,1.49641528704996E+018,1.12693,1.12696,1.12693,1.12696
2017-06-02T14:54:47.050Z,1.49641528705E+018,1.12693,1.12696,1.12693,1.12696
2017-06-02T14:54:47.050Z,1.49641528705006E+018,1.12693,1.12696,1.12693,1.12696
2017-06-02T14:54:47.050Z,1.49641528705044E+018,1.12693,1.12696,1.12693,1.12696
2017-06-02T14:54:47.050Z,1.49641528705049E+018,1.12693,1.12696,1.12693,1.12696
2017-06-02T14:54:47.050Z,1.49641528705051E+018,1.12693,1.12696,1.12693,1.12696
2017-06-02T14:54:47.050Z,1.49641528705054E+018,1.12693,1.12696,1.12693,1.12696
2017-06-02T14:54:47.050Z,1.49641528705055E+018,1.12693,1.12696,1.12693,1.12696
2017-06-02T14:54:47.050Z,1.49641528705063E+018,1.12693333333333,1.12697,1.12693333333333,1.12697
2017-06-02T14:54:47.050Z,1.49641528705069E+018,1.12693333333333,1.12697,1.12693333333333,1.12697
2017-06-02T14:54:47.050Z,1.49641528705082E+018,1.12693333333333,1.12697,1.12693333333333,1.12697
2017-06-02T14:54:47.050Z,1.49641528705089E+018,1.12693333333333,1.12697,1.12693333333333,1.12697
2017-06-02T14:54:47.052Z,1.49641528705218E+018,1.12693333333333,1.12697,1.12693333333333,1.12697
2017-06-02T14:54:47.052Z,1.49641528705259E+018,1.12693333333333,1.12697,1.12693333333333,1.12697
2017-06-02T14:54:47.053Z,1.49641528705348E+018,1.12693333333333,1.12697,1.12693333333333,1.12697
2017-06-02T14:54:47.053Z,1.49641528705363E+018,1.12693333333333,1.12697,1.12693333333333,1.12697
2017-06-02T14:54:47.053Z,1.49641528705385E+018,1.12693333333333,1.12697,1.12693333333333,1.12697
2017-06-02T14:54:47.053Z,1.496415287054E+018,1.12693333333333,1.12697,1.12693333333333,1.12697
2017-06-02T14:54:47.055Z,1.49641528705525E+018,1.12693333333333,1.12697,1.12693333333333,1.12697
2017-06-02T14:54:47.055Z,1.4964152870554E+018,1.12693333333333,1.12697,1.12693333333333,1.12697
2017-06-02T14:54:47.055Z,1.49641528705545E+018,1.12693333333333,1.12697,1.12693333333333,1.12697
2017-06-02T14:54:47.055Z,1.4964152870555E+018,1.12693333333333,1.12697,1.12693333333333,1.12697
2017-06-02T14:54:47.055Z,1.49641528705566E+018,1.12693333333333,1.12697,1.12693333333333,1.12697
2017-06-02T14:54:47.055Z,1.49641528705578E+018,1.12693333333333,1.12697,1.12693333333333,1.12697
2017-06-02T14:54:47.055Z,1.49641528705584E+018,1.12693333333333,1.12697,1.12693333333333,1.12697
2017-06-02T14:54:47.055Z,1.49641528705592E+018,1.12693333333333,1.12697,1.12693333333333,1.12697
2017-06-02T14:54:47.056Z,1.49641528705601E+018,1.12693333333333,1.12697,1.12693333333333,1.12697
2017-06-02T14:54:47.056Z,1.49641528705607E+018,1.12693333333333,1.12697,1.12693333333333,1.12697
2017-06-02T14:54:47.056Z,1.49641528705608E+018,1.12693666666667,1.12697,1.12693666666667,1.12697
2017-06-02T14:54:47.056Z,1.49641528705612E+018,1.12693666666667,1.12697,1.12693666666667,1.12697
2017-06-02T14:54:47.056Z,1.49641528705615E+018,1.12693666666667,1.12697,1.12693666666667,1.12697
2017-06-02T14:54:47.056Z,1.49641528705617E+018,1.12693666666667,1.12697,1.12693666666667,1.12697
2017-06-02T14:54:47.056Z,1.49641528705624E+018,1.12693666666667,1.12697,1.12693666666667,1.12697
2017-06-02T14:54:47.056Z,1.49641528705644E+018,1.12693666666667,1.12697,1.12693666666667,1.12697
2017-06-02T14:54:47.056Z,1.49641528705649E+018,1.12693666666667,1.12697,1.12693666666667,1.12697
2017-06-02T14:54:47.056Z,1.49641528705664E+018,1.12693666666667,1.12697,1.12693666666667,1.12697
2017-06-02T14:54:47.056Z,1.49641528705667E+018,1.12693666666667,1.12697,1.12693666666667,1.12697
2017-06-02T14:54:47.056Z,1.49641528705671E+018,1.12693666666667,1.12697,1.12693666666667,1.12697
2017-06-02T14:54:47.056Z,1.49641528705695E+018,1.12693666666667,1.12697,1.12693666666667,1.12697
2017-06-02T14:54:47.057Z,1.49641528705752E+018,1.12693666666667,1.12697,1.12693666666667,1.12697
2017-06-02T14:54:47.057Z,1.4964152870577E+018,1.12693666666667,1.12697,1.12693666666667,1.12697
2017-06-02T14:54:47.058Z,1.49641528705831E+018,1.12693666666667,1.12697,1.12693666666667,1.12697
2017-06-02T14:54:47.060Z,1.49641528706047E+018,1.12693666666667,1.12697,1.12693666666667,1.12697
2017-06-02T14:54:47.062Z,1.49641528706284E+018,1.12693666666667,1.12697,1.12693666666667,1.12697
2017-06-02T14:54:47.064Z,1.49641528706484E+018,1.12693666666667,1.12697,1.12693666666667,1.12697
2017-06-02T14:54:47.065Z,1.4964152870652E+018,1.12693666666667,1.12697,1.12693666666667,1.12697
2017-06-02T14:54:47.065Z,1.49641528706534E+018,1.12693666666667,1.12697,1.12693666666667,1.12697
2017-06-02T14:54:47.065Z,1.49641528706535E+018,1.12693666666667,1.12697,1.12693666666667,1.12697
2017-06-02T14:54:47.065Z,1.49641528706574E+018,1.12693666666667,1.12697,1.12693666666667,1.12697
2017-06-02T14:54:47.065Z,1.49641528706574E+018,1.12693666666667,1.12697,1.12693666666667,1.12697
2017-06-02T14:54:47.065Z,1.49641528706578E+018,1.12693666666667,1.12697,1.12693666666667,1.12697
2017-06-02T14:54:47.065Z,1.49641528706586E+018,1.12693333333333,1.12697,1.12693333333333,1.12697
2017-06-02T14:54:47.066Z,1.49641528706603E+018,1.12693333333333,1.12697,1.12693333333333,1.12697
2017-06-02T14:54:47.066Z,1.49641528706616E+018,1.12693333333333,1.12697,1.12693333333333,1.12697
2017-06-02T14:54:47.066Z,1.49641528706617E+018,1.12693333333333,1.12697,1.12693333333333,1.12697
2017-06-02T14:54:47.066Z,1.49641528706624E+018,1.12693333333333,1.12697,1.12693333333333,1.12697
2017-06-02T14:54:47.066Z,1.49641528706636E+018,1.12693333333333,1.12697,1.12693333333333,1.12697
2017-06-02T14:54:47.066Z,1.49641528706654E+018,1.12693333333333,1.12697,1.12693333333333,1.12697
2017-06-02T14:54:47.070Z,1.49641528707054E+018,1.12693333333333,1.12697,1.12693333333333,1.12697
2017-06-02T14:54:47.070Z,1.49641528707074E+018,1.12693333333333,1.12697,1.12693333333333,1.12697
2017-06-02T14:54:47.070Z,1.49641528707084E+018,1.12693333333333,1.12697,1.12693333333333,1.12697
2017-06-02T14:54:47.070Z,1.49641528707089E+018,1.12693333333333,1.12697,1.12693333333333,1.12697
2017-06-02T14:54:47.071Z,1.49641528707103E+018,1.12693333333333,1.12697,1.12693333333333,1.12697
2017-06-02T14:54:47.071Z,1.49641528707107E+018,1.12693333333333,1.12697,1.12693333333333,1.12697
2017-06-02T14:54:47.071Z,1.49641528707165E+018,1.12693333333333,1.12697,1.12693333333333,1.12697
2017-06-02T14:54:47.071Z,1.49641528707174E+018,1.12693333333333,1.12697,1.12693333333333,1.12697
2017-06-02T14:54:47.073Z,1.49641528707382E+018,1.12693333333333,1.12697,1.12693333333333,1.12697
2017-06-02T14:54:47.074Z,1.49641528707429E+018,1.12693333333333,1.12697,1.12693333333333,1.12697
2017-06-02T14:54:47.074Z,1.49641528707435E+018,1.12693333333333,1.12697,1.12693333333333,1.12697
2017-06-02T14:54:47.074Z,1.49641528707436E+018,1.12693333333333,1.12697,1.12693333333333,1.12697
2017-06-02T14:54:47.074Z,1.49641528707443E+018,1.12693333333333,1.12697,1.12693333333333,1.12697
2017-06-02T14:54:47.074Z,1.49641528707447E+018,1.12693333333333,1.12697,1.12693333333333,1.12697
2017-06-02T14:54:47.074Z,1.4964152870745E+018,1.12693333333333,1.12697,1.12693333333333,1.12697
2017-06-02T14:54:47.074Z,1.49641528707485E+018,1.12693333333333,1.12697,1.12693333333333,1.12697
2017-06-02T14:54:47.074Z,1.49641528707497E+018,1.12693333333333,1.12697,1.12693333333333,1.12697
2017-06-02T14:54:47.075Z,1.496415287075E+018,1.12693333333333,1.12697,1.12693333333333,1.12697
2017-06-02T14:54:47.075Z,1.49641528707502E+018,1.12693,1.12697,1.12693,1.12696666666667
2017-06-02T14:54:47.075Z,1.49641528707503E+018,1.12693,1.12697,1.12693,1.12696666666667
2017-06-02T14:54:47.075Z,1.49641528707507E+018,1.12693,1.12697,1.12693,1.12696666666667
2017-06-02T14:54:47.075Z,1.49641528707512E+018,1.12693,1.12697,1.12693,1.12696666666667
2017-06-02T14:54:47.075Z,1.49641528707514E+018,1.12693,1.12697,1.12693,1.12696666666667
2017-06-02T14:54:47.075Z,1.49641528707517E+018,1.12693,1.12697,1.12693,1.12696666666667
2017-06-02T14:54:47.075Z,1.49641528707523E+018,1.12693,1.12697,1.12693,1.12696666666667
2017-06-02T14:54:47.075Z,1.49641528707525E+018,1.12693,1.12697,1.12693,1.12696666666667
2017-06-02T14:54:47.075Z,1.49641528707532E+018,1.12693,1.12697,1.12693,1.12696666666667
2017-06-02T14:54:47.075Z,1.49641528707539E+018,1.12693,1.12697,1.12693,1.12696666666667
2017-06-02T14:54:47.075Z,1.49641528707552E+018,1.12693,1.12697,1.12693,1.12696666666667
2017-06-02T14:54:47.076Z,1.49641528707602E+018,1.12693,1.12697,1.12693,1.12696666666667
2017-06-02T14:54:47.076Z,1.49641528707611E+018,1.12693,1.12697,1.12693,1.12696666666667
2017-06-02T14:54:47.076Z,1.49641528707634E+018,1.12693,1.12697,1.12693,1.12696666666667
2017-06-02T14:54:47.080Z,1.49641528708021E+018,1.12693,1.12697,1.12693,1.12696666666667
2017-06-02T14:54:47.080Z,1.49641528708074E+018,1.12693,1.12697,1.12693,1.12696666666667
2017-06-02T14:54:47.080Z,1.49641528708078E+018,1.12693,1.12697,1.12693,1.12696666666667
2017-06-02T14:54:47.080Z,1.49641528708082E+018,1.12693,1.12697,1.12693,1.12696666666667
2017-06-02T14:54:47.080Z,1.49641528708087E+018,1.12693,1.12697,1.12693,1.12696666666667
2017-06-02T14:54:47.080Z,1.49641528708096E+018,1.12693,1.12697,1.12693,1.12696666666667
2017-06-02T14:54:47.085Z,1.49641528708536E+018,1.12693,1.12697,1.12693,1.12696666666667
2017-06-02T14:54:47.086Z,1.49641528708646E+018,1.12693,1.12697,1.12693,1.12696666666667
2017-06-02T14:54:47.086Z,1.49641528708672E+018,1.12693,1.12697,1.12693,1.12696666666667
2017-06-02T14:54:47.087Z,1.49641528708782E+018,1.12693,1.12697,1.12693,1.12696666666667
2017-06-02T14:54:47.090Z,1.49641528709043E+018,1.12693,1.12697,1.12693,1.12696666666667
2017-06-02T14:54:47.090Z,1.49641528709052E+018,1.12693,1.12697,1.12693,1.12696666666667
2017-06-02T14:54:47.094Z,1.49641528709412E+018,1.12693,1.12697,1.12693,1.12696666666667
2017-06-02T14:54:47.095Z,1.49641528709522E+018,1.12693,1.12697,1.12693,1.12696666666667
2017-06-02T14:54:47.095Z,1.49641528709577E+018,1.12693,1.12697,1.12693,1.12696666666667
2017-06-02T14:54:47.095Z,1.49641528709581E+018,1.12693,1.12697,1.12693,1.12696666666667
2017-06-02T14:54:47.095Z,1.49641528709587E+018,1.12693,1.12697,1.12693,1.12696666666667
2017-06-02T14:54:47.096Z,1.49641528709643E+018,1.12693,1.12697,1.12693,1.12696666666667
2017-06-02T14:54:47.096Z,1.49641528709683E+018,1.12693,1.12697,1.12693,1.12696666666667
2017-06-02T14:54:47.097Z,1.49641528709739E+018,1.12693,1.12697,1.12693,1.12696666666667
2017-06-02T14:54:47.097Z,1.49641528709751E+018,1.12693,1.12697,1.12693,1.12696666666667
2017-06-02T14:54:47.098Z,1.49641528709858E+018,1.12693,1.12697,1.12693,1.12696666666667
2017-06-02T14:54:47.098Z,1.49641528709862E+018,1.12693,1.12697,1.12693,1.12696666666667
2017-06-02T14:54:47.100Z,1.49641528710057E+018,1.12693,1.12697,1.12693,1.12696666666667
2017-06-02T14:54:47.100Z,1.49641528710065E+018,1.12693,1.12697,1.12693,1.12696666666667
2017-06-02T14:54:47.102Z,1.49641528710268E+018,1.12693,1.12697,1.12693,1.12696666666667
2017-06-02T14:54:47.102Z,1.49641528710276E+018,1.12693,1.12697,1.12693,1.12696666666667
2017-06-02T14:54:47.103Z,1.49641528710382E+018,1.12693,1.12697,1.12693,1.12696666666667
